﻿,date,big_cat,sm_cat,sum_qty
1,20180101,공기청정,공기청정기,226
2,20180102,공기청정,공기청정기,338
3,20180103,공기청정,공기청정기,264
4,20180104,공기청정,공기청정기,195
5,20180105,공기청정,공기청정기,337
6,20180106,공기청정,공기청정기,172
7,20180107,공기청정,공기청정기,162
8,20180108,공기청정,공기청정기,370
9,20180109,공기청정,공기청정기,287
10,20180110,공기청정,공기청정기,206
11,20180111,공기청정,공기청정기,220
12,20180112,공기청정,공기청정기,273
13,20180113,공기청정,공기청정기,93
14,20180114,공기청정,공기청정기,176
15,20180115,공기청정,공기청정기,576
16,20180116,공기청정,공기청정기,965
17,20180117,공기청정,공기청정기,1111
18,20180118,공기청정,공기청정기,894
19,20180119,공기청정,공기청정기,679
20,20180120,공기청정,공기청정기,702
21,20180121,공기청정,공기청정기,840
22,20180122,공기청정,공기청정기,706
23,20180123,공기청정,공기청정기,636
24,20180124,공기청정,공기청정기,342
25,20180125,공기청정,공기청정기,330
26,20180126,공기청정,공기청정기,336
27,20180127,공기청정,공기청정기,302
28,20180128,공기청정,공기청정기,279
29,20180129,공기청정,공기청정기,459
30,20180130,공기청정,공기청정기,369
31,20180131,공기청정,공기청정기,433
32,20180201,공기청정,공기청정기,439
33,20180202,공기청정,공기청정기,249
34,20180203,공기청정,공기청정기,218
35,20180204,공기청정,공기청정기,365
36,20180205,공기청정,공기청정기,293
37,20180206,공기청정,공기청정기,229
38,20180207,공기청정,공기청정기,512
39,20180208,공기청정,공기청정기,372
40,20180209,공기청정,공기청정기,344
41,20180210,공기청정,공기청정기,150
42,20180211,공기청정,공기청정기,257
43,20180212,공기청정,공기청정기,244
44,20180213,공기청정,공기청정기,113
45,20180214,공기청정,공기청정기,192
46,20180215,공기청정,공기청정기,106
47,20180216,공기청정,공기청정기,187
48,20180217,공기청정,공기청정기,178
49,20180218,공기청정,공기청정기,360
50,20180219,공기청정,공기청정기,509
51,20180220,공기청정,공기청정기,371
52,20180221,공기청정,공기청정기,420
53,20180222,공기청정,공기청정기,301
54,20180223,공기청정,공기청정기,350
55,20180224,공기청정,공기청정기,221
56,20180225,공기청정,공기청정기,241
57,20180226,공기청정,공기청정기,388
58,20180227,공기청정,공기청정기,492
59,20180228,공기청정,공기청정기,427
60,20180301,공기청정,공기청정기,467
61,20180302,공기청정,공기청정기,295
62,20180303,공기청정,공기청정기,134
63,20180304,공기청정,공기청정기,211
64,20180305,공기청정,공기청정기,424
65,20180306,공기청정,공기청정기,326
66,20180307,공기청정,공기청정기,318
67,20180308,공기청정,공기청정기,305
68,20180309,공기청정,공기청정기,259
69,20180310,공기청정,공기청정기,133
70,20180311,공기청정,공기청정기,198
71,20180312,공기청정,공기청정기,611
72,20180313,공기청정,공기청정기,458
73,20180314,공기청정,공기청정기,511
74,20180315,공기청정,공기청정기,260
75,20180316,공기청정,공기청정기,200
76,20180317,공기청정,공기청정기,175
77,20180318,공기청정,공기청정기,211
78,20180319,공기청정,공기청정기,304
79,20180320,공기청정,공기청정기,263
80,20180321,공기청정,공기청정기,286
81,20180322,공기청정,공기청정기,240
82,20180323,공기청정,공기청정기,257
83,20180324,공기청정,공기청정기,356
84,20180325,공기청정,공기청정기,882
85,20180326,공기청정,공기청정기,2527
86,20180327,공기청정,공기청정기,2053
87,20180328,공기청정,공기청정기,1412
88,20180329,공기청정,공기청정기,1842
89,20180330,공기청정,공기청정기,1051
90,20180331,공기청정,공기청정기,855
91,20180401,공기청정,공기청정기,728
92,20180402,공기청정,공기청정기,1020
93,20180403,공기청정,공기청정기,676
94,20180404,공기청정,공기청정기,572
95,20180405,공기청정,공기청정기,649
96,20180406,공기청정,공기청정기,696
97,20180407,공기청정,공기청정기,613
98,20180408,공기청정,공기청정기,489
99,20180409,공기청정,공기청정기,883
100,20180410,공기청정,공기청정기,734
101,20180411,공기청정,공기청정기,830
102,20180412,공기청정,공기청정기,601
103,20180413,공기청정,공기청정기,424
104,20180414,공기청정,공기청정기,311
105,20180415,공기청정,공기청정기,650
106,20180416,공기청정,공기청정기,738
107,20180417,공기청정,공기청정기,476
108,20180418,공기청정,공기청정기,545
109,20180419,공기청정,공기청정기,668
110,20180420,공기청정,공기청정기,703
111,20180421,공기청정,공기청정기,454
112,20180422,공기청정,공기청정기,650
113,20180423,공기청정,공기청정기,467
114,20180424,공기청정,공기청정기,425
115,20180425,공기청정,공기청정기,469
116,20180426,공기청정,공기청정기,518
117,20180427,공기청정,공기청정기,433
118,20180428,공기청정,공기청정기,442
119,20180429,공기청정,공기청정기,356
120,20180430,공기청정,공기청정기,876
121,20180501,공기청정,공기청정기,627
122,20180502,공기청정,공기청정기,750
123,20180503,공기청정,공기청정기,526
124,20180504,공기청정,공기청정기,470
125,20180505,공기청정,공기청정기,410
126,20180506,공기청정,공기청정기,484
127,20180507,공기청정,공기청정기,522
128,20180508,공기청정,공기청정기,390
129,20180509,공기청정,공기청정기,756
130,20180510,공기청정,공기청정기,602
131,20180511,공기청정,공기청정기,649
132,20180512,공기청정,공기청정기,505
133,20180513,공기청정,공기청정기,280
134,20180514,공기청정,공기청정기,221
135,20180515,공기청정,공기청정기,509
136,20180516,공기청정,공기청정기,654
137,20180517,공기청정,공기청정기,453
138,20180518,공기청정,공기청정기,425
139,20180519,공기청정,공기청정기,577
140,20180520,공기청정,공기청정기,525
141,20180521,공기청정,공기청정기,380
142,20180522,공기청정,공기청정기,489
143,20180523,공기청정,공기청정기,401
144,20180524,공기청정,공기청정기,407
145,20180525,공기청정,공기청정기,348
146,20180526,공기청정,공기청정기,411
147,20180527,공기청정,공기청정기,323
148,20180528,공기청정,공기청정기,346
149,20180529,공기청정,공기청정기,281
150,20180530,공기청정,공기청정기,756
151,20180531,공기청정,공기청정기,126
152,20180601,공기청정,공기청정기,385
153,20180602,공기청정,공기청정기,150
154,20180603,공기청정,공기청정기,141
155,20180604,공기청정,공기청정기,324
156,20180605,공기청정,공기청정기,208
157,20180606,공기청정,공기청정기,222
158,20180607,공기청정,공기청정기,354
159,20180608,공기청정,공기청정기,239
160,20180609,공기청정,공기청정기,190
161,20180610,공기청정,공기청정기,424
162,20180611,공기청정,공기청정기,272
163,20180612,공기청정,공기청정기,185
164,20180613,공기청정,공기청정기,124
165,20180614,공기청정,공기청정기,182
166,20180615,공기청정,공기청정기,184
167,20180616,공기청정,공기청정기,66
168,20180617,공기청정,공기청정기,139
169,20180618,공기청정,공기청정기,252
170,20180619,공기청정,공기청정기,280
171,20180620,공기청정,공기청정기,170
172,20180621,공기청정,공기청정기,207
173,20180622,공기청정,공기청정기,128
174,20180623,공기청정,공기청정기,83
175,20180624,공기청정,공기청정기,105
176,20180625,공기청정,공기청정기,234
177,20180626,공기청정,공기청정기,231
178,20180627,공기청정,공기청정기,179
179,20180628,공기청정,공기청정기,197
180,20180629,공기청정,공기청정기,158
181,20180630,공기청정,공기청정기,118
182,20180701,공기청정,공기청정기,189
183,20180702,공기청정,공기청정기,265
184,20180703,공기청정,공기청정기,166
185,20180704,공기청정,공기청정기,143
186,20180705,공기청정,공기청정기,123
187,20180706,공기청정,공기청정기,92
188,20180707,공기청정,공기청정기,134
189,20180708,공기청정,공기청정기,80
190,20180709,공기청정,공기청정기,162
191,20180710,공기청정,공기청정기,148
192,20180711,공기청정,공기청정기,130
193,20180712,공기청정,공기청정기,138
194,20180713,공기청정,공기청정기,141
195,20180714,공기청정,공기청정기,63
196,20180715,공기청정,공기청정기,86
197,20180716,공기청정,공기청정기,167
198,20180717,공기청정,공기청정기,149
199,20180718,공기청정,공기청정기,147
200,20180719,공기청정,공기청정기,246
201,20180720,공기청정,공기청정기,179
202,20180721,공기청정,공기청정기,59
203,20180722,공기청정,공기청정기,71
204,20180723,공기청정,공기청정기,131
205,20180724,공기청정,공기청정기,151
206,20180725,공기청정,공기청정기,126
207,20180726,공기청정,공기청정기,85
208,20180727,공기청정,공기청정기,95
209,20180728,공기청정,공기청정기,70
210,20180729,공기청정,공기청정기,71
211,20180730,공기청정,공기청정기,90
212,20180731,공기청정,공기청정기,109
213,20180801,공기청정,공기청정기,111
214,20180802,공기청정,공기청정기,91
215,20180803,공기청정,공기청정기,114
216,20180804,공기청정,공기청정기,60
217,20180805,공기청정,공기청정기,58
218,20180806,공기청정,공기청정기,112
219,20180807,공기청정,공기청정기,88
220,20180808,공기청정,공기청정기,102
221,20180809,공기청정,공기청정기,128
222,20180810,공기청정,공기청정기,84
223,20180811,공기청정,공기청정기,49
224,20180812,공기청정,공기청정기,67
225,20180813,공기청정,공기청정기,100
226,20180814,공기청정,공기청정기,72
227,20180815,공기청정,공기청정기,68
228,20180816,공기청정,공기청정기,109
229,20180817,공기청정,공기청정기,83
230,20180818,공기청정,공기청정기,35
231,20180819,공기청정,공기청정기,121
232,20180820,공기청정,공기청정기,96
233,20180821,공기청정,공기청정기,79
234,20180822,공기청정,공기청정기,94
235,20180823,공기청정,공기청정기,114
236,20180824,공기청정,공기청정기,43
237,20180825,공기청정,공기청정기,81
238,20180826,공기청정,공기청정기,55
239,20180827,공기청정,공기청정기,91
240,20180828,공기청정,공기청정기,116
241,20180829,공기청정,공기청정기,102
242,20180830,공기청정,공기청정기,91
243,20180831,공기청정,공기청정기,81
244,20180901,공기청정,공기청정기,51
245,20180902,공기청정,공기청정기,134
246,20180903,공기청정,공기청정기,147
247,20180904,공기청정,공기청정기,117
248,20180905,공기청정,공기청정기,106
249,20180906,공기청정,공기청정기,115
250,20180907,공기청정,공기청정기,83
251,20180908,공기청정,공기청정기,66
252,20180909,공기청정,공기청정기,83
253,20180910,공기청정,공기청정기,203
254,20180911,공기청정,공기청정기,123
255,20180912,공기청정,공기청정기,114
256,20180913,공기청정,공기청정기,93
257,20180914,공기청정,공기청정기,101
258,20180915,공기청정,공기청정기,44
259,20180916,공기청정,공기청정기,88
260,20180917,공기청정,공기청정기,109
261,20180918,공기청정,공기청정기,144
262,20180919,공기청정,공기청정기,97
263,20180920,공기청정,공기청정기,73
264,20180921,공기청정,공기청정기,104
265,20180922,공기청정,공기청정기,32
266,20180923,공기청정,공기청정기,38
267,20180924,공기청정,공기청정기,77
268,20180925,공기청정,공기청정기,64
269,20180926,공기청정,공기청정기,108
270,20180927,공기청정,공기청정기,182
271,20180928,공기청정,공기청정기,125
272,20180929,공기청정,공기청정기,73
273,20180930,공기청정,공기청정기,111
274,20181001,공기청정,공기청정기,196
275,20181002,공기청정,공기청정기,103
276,20181003,공기청정,공기청정기,115
277,20181004,공기청정,공기청정기,202
278,20181005,공기청정,공기청정기,123
279,20181006,공기청정,공기청정기,70
280,20181007,공기청정,공기청정기,88
281,20181008,공기청정,공기청정기,132
282,20181009,공기청정,공기청정기,83
283,20181010,공기청정,공기청정기,150
284,20181011,공기청정,공기청정기,155
285,20181012,공기청정,공기청정기,113
286,20181013,공기청정,공기청정기,79
287,20181014,공기청정,공기청정기,112
288,20181015,공기청정,공기청정기,276
289,20181016,공기청정,공기청정기,335
290,20181017,공기청정,공기청정기,262
291,20181018,공기청정,공기청정기,191
292,20181019,공기청정,공기청정기,171
293,20181020,공기청정,공기청정기,105
294,20181021,공기청정,공기청정기,141
295,20181022,공기청정,공기청정기,211
296,20181023,공기청정,공기청정기,280
297,20181024,공기청정,공기청정기,247
298,20181025,공기청정,공기청정기,222
299,20181026,공기청정,공기청정기,164
300,20181027,공기청정,공기청정기,77
301,20181028,공기청정,공기청정기,138
302,20181029,공기청정,공기청정기,176
303,20181030,공기청정,공기청정기,174
304,20181031,공기청정,공기청정기,192
305,20181101,공기청정,공기청정기,291
306,20181102,공기청정,공기청정기,191
307,20181103,공기청정,공기청정기,104
308,20181104,공기청정,공기청정기,138
309,20181105,공기청정,공기청정기,347
310,20181106,공기청정,공기청정기,601
311,20181107,공기청정,공기청정기,1172
312,20181108,공기청정,공기청정기,401
313,20181109,공기청정,공기청정기,362
314,20181110,공기청정,공기청정기,364
315,20181111,공기청정,공기청정기,644
316,20181112,공기청정,공기청정기,1101
317,20181113,공기청정,공기청정기,517
318,20181114,공기청정,공기청정기,418
319,20181115,공기청정,공기청정기,547
320,20181116,공기청정,공기청정기,510
321,20181117,공기청정,공기청정기,220
322,20181118,공기청정,공기청정기,207
323,20181119,공기청정,공기청정기,429
324,20181120,공기청정,공기청정기,315
325,20181121,공기청정,공기청정기,405
326,20181122,공기청정,공기청정기,261
327,20181123,공기청정,공기청정기,225
328,20181124,공기청정,공기청정기,140
329,20181125,공기청정,공기청정기,322
330,20181126,공기청정,공기청정기,311
331,20181127,공기청정,공기청정기,571
332,20181128,공기청정,공기청정기,639
333,20181129,공기청정,공기청정기,769
334,20181130,공기청정,공기청정기,479
335,20181201,공기청정,공기청정기,275
336,20181202,공기청정,공기청정기,655
337,20181203,공기청정,공기청정기,566
338,20181204,공기청정,공기청정기,401
339,20181205,공기청정,공기청정기,320
340,20181206,공기청정,공기청정기,327
341,20181207,공기청정,공기청정기,235
342,20181208,공기청정,공기청정기,133
343,20181209,공기청정,공기청정기,191
344,20181210,공기청정,공기청정기,339
345,20181211,공기청정,공기청정기,310
346,20181212,공기청정,공기청정기,284
347,20181213,공기청정,공기청정기,197
348,20181214,공기청정,공기청정기,181
349,20181215,공기청정,공기청정기,121
350,20181216,공기청정,공기청정기,136
351,20181217,공기청정,공기청정기,389
352,20181218,공기청정,공기청정기,285
353,20181219,공기청정,공기청정기,372
354,20181220,공기청정,공기청정기,461
355,20181221,공기청정,공기청정기,316
356,20181222,공기청정,공기청정기,282
357,20181223,공기청정,공기청정기,413
358,20181224,공기청정,공기청정기,333
359,20181225,공기청정,공기청정기,214
360,20181226,공기청정,공기청정기,320
361,20181227,공기청정,공기청정기,230
362,20181228,공기청정,공기청정기,232
363,20181229,공기청정,공기청정기,145
364,20181230,공기청정,공기청정기,168
365,20181231,공기청정,공기청정기,439
