﻿,date,big_cat,sm_cat,sum_qty
1,20180101,헤어케어,헤어케어세트,612
2,20180102,헤어케어,헤어케어세트,623
3,20180103,헤어케어,헤어케어세트,581
4,20180104,헤어케어,헤어케어세트,525
5,20180105,헤어케어,헤어케어세트,495
6,20180106,헤어케어,헤어케어세트,413
7,20180107,헤어케어,헤어케어세트,456
8,20180108,헤어케어,헤어케어세트,637
9,20180109,헤어케어,헤어케어세트,525
10,20180110,헤어케어,헤어케어세트,619
11,20180111,헤어케어,헤어케어세트,945
12,20180112,헤어케어,헤어케어세트,821
13,20180113,헤어케어,헤어케어세트,417
14,20180114,헤어케어,헤어케어세트,548
15,20180115,헤어케어,헤어케어세트,615
16,20180116,헤어케어,헤어케어세트,783
17,20180117,헤어케어,헤어케어세트,595
18,20180118,헤어케어,헤어케어세트,684
19,20180119,헤어케어,헤어케어세트,574
20,20180120,헤어케어,헤어케어세트,374
21,20180121,헤어케어,헤어케어세트,482
22,20180122,헤어케어,헤어케어세트,647
23,20180123,헤어케어,헤어케어세트,600
24,20180124,헤어케어,헤어케어세트,606
25,20180125,헤어케어,헤어케어세트,638
26,20180126,헤어케어,헤어케어세트,521
27,20180127,헤어케어,헤어케어세트,633
28,20180128,헤어케어,헤어케어세트,510
29,20180129,헤어케어,헤어케어세트,677
30,20180130,헤어케어,헤어케어세트,642
31,20180131,헤어케어,헤어케어세트,637
32,20180201,헤어케어,헤어케어세트,635
33,20180202,헤어케어,헤어케어세트,1076
34,20180203,헤어케어,헤어케어세트,905
35,20180204,헤어케어,헤어케어세트,615
36,20180205,헤어케어,헤어케어세트,662
37,20180206,헤어케어,헤어케어세트,648
38,20180207,헤어케어,헤어케어세트,649
39,20180208,헤어케어,헤어케어세트,990
40,20180209,헤어케어,헤어케어세트,460
41,20180210,헤어케어,헤어케어세트,684
42,20180211,헤어케어,헤어케어세트,566
43,20180212,헤어케어,헤어케어세트,529
44,20180213,헤어케어,헤어케어세트,358
45,20180214,헤어케어,헤어케어세트,384
46,20180215,헤어케어,헤어케어세트,238
47,20180216,헤어케어,헤어케어세트,220
48,20180217,헤어케어,헤어케어세트,348
49,20180218,헤어케어,헤어케어세트,1097
50,20180219,헤어케어,헤어케어세트,788
51,20180220,헤어케어,헤어케어세트,753
52,20180221,헤어케어,헤어케어세트,1008
53,20180222,헤어케어,헤어케어세트,677
54,20180223,헤어케어,헤어케어세트,689
55,20180224,헤어케어,헤어케어세트,662
56,20180225,헤어케어,헤어케어세트,854
57,20180226,헤어케어,헤어케어세트,929
58,20180227,헤어케어,헤어케어세트,1490
59,20180228,헤어케어,헤어케어세트,661
60,20180301,헤어케어,헤어케어세트,698
61,20180302,헤어케어,헤어케어세트,508
62,20180303,헤어케어,헤어케어세트,1237
63,20180304,헤어케어,헤어케어세트,532
64,20180305,헤어케어,헤어케어세트,651
65,20180306,헤어케어,헤어케어세트,797
66,20180307,헤어케어,헤어케어세트,600
67,20180308,헤어케어,헤어케어세트,516
68,20180309,헤어케어,헤어케어세트,422
69,20180310,헤어케어,헤어케어세트,629
70,20180311,헤어케어,헤어케어세트,845
71,20180312,헤어케어,헤어케어세트,627
72,20180313,헤어케어,헤어케어세트,532
73,20180314,헤어케어,헤어케어세트,767
74,20180315,헤어케어,헤어케어세트,532
75,20180316,헤어케어,헤어케어세트,1070
76,20180317,헤어케어,헤어케어세트,364
77,20180318,헤어케어,헤어케어세트,766
78,20180319,헤어케어,헤어케어세트,578
79,20180320,헤어케어,헤어케어세트,864
80,20180321,헤어케어,헤어케어세트,589
81,20180322,헤어케어,헤어케어세트,599
82,20180323,헤어케어,헤어케어세트,775
83,20180324,헤어케어,헤어케어세트,629
84,20180325,헤어케어,헤어케어세트,550
85,20180326,헤어케어,헤어케어세트,639
86,20180327,헤어케어,헤어케어세트,741
87,20180328,헤어케어,헤어케어세트,574
88,20180329,헤어케어,헤어케어세트,771
89,20180330,헤어케어,헤어케어세트,553
90,20180331,헤어케어,헤어케어세트,718
91,20180401,헤어케어,헤어케어세트,455
92,20180402,헤어케어,헤어케어세트,555
93,20180403,헤어케어,헤어케어세트,587
94,20180404,헤어케어,헤어케어세트,801
95,20180405,헤어케어,헤어케어세트,514
96,20180406,헤어케어,헤어케어세트,443
97,20180407,헤어케어,헤어케어세트,746
98,20180408,헤어케어,헤어케어세트,718
99,20180409,헤어케어,헤어케어세트,650
100,20180410,헤어케어,헤어케어세트,818
101,20180411,헤어케어,헤어케어세트,596
102,20180412,헤어케어,헤어케어세트,562
103,20180413,헤어케어,헤어케어세트,479
104,20180414,헤어케어,헤어케어세트,1378
105,20180415,헤어케어,헤어케어세트,711
106,20180416,헤어케어,헤어케어세트,607
107,20180417,헤어케어,헤어케어세트,536
108,20180418,헤어케어,헤어케어세트,602
109,20180419,헤어케어,헤어케어세트,680
110,20180420,헤어케어,헤어케어세트,490
111,20180421,헤어케어,헤어케어세트,839
112,20180422,헤어케어,헤어케어세트,1085
113,20180423,헤어케어,헤어케어세트,555
114,20180424,헤어케어,헤어케어세트,516
115,20180425,헤어케어,헤어케어세트,710
116,20180426,헤어케어,헤어케어세트,531
117,20180427,헤어케어,헤어케어세트,420
118,20180428,헤어케어,헤어케어세트,301
119,20180429,헤어케어,헤어케어세트,543
120,20180430,헤어케어,헤어케어세트,536
121,20180501,헤어케어,헤어케어세트,437
122,20180502,헤어케어,헤어케어세트,507
123,20180503,헤어케어,헤어케어세트,543
124,20180504,헤어케어,헤어케어세트,897
125,20180505,헤어케어,헤어케어세트,436
126,20180506,헤어케어,헤어케어세트,439
127,20180507,헤어케어,헤어케어세트,668
128,20180508,헤어케어,헤어케어세트,617
129,20180509,헤어케어,헤어케어세트,556
130,20180510,헤어케어,헤어케어세트,688
131,20180511,헤어케어,헤어케어세트,650
132,20180512,헤어케어,헤어케어세트,570
133,20180513,헤어케어,헤어케어세트,504
134,20180514,헤어케어,헤어케어세트,1496
135,20180515,헤어케어,헤어케어세트,577
136,20180516,헤어케어,헤어케어세트,497
137,20180517,헤어케어,헤어케어세트,519
138,20180518,헤어케어,헤어케어세트,590
139,20180519,헤어케어,헤어케어세트,638
140,20180520,헤어케어,헤어케어세트,531
141,20180521,헤어케어,헤어케어세트,904
142,20180522,헤어케어,헤어케어세트,1296
143,20180523,헤어케어,헤어케어세트,459
144,20180524,헤어케어,헤어케어세트,481
145,20180525,헤어케어,헤어케어세트,718
146,20180526,헤어케어,헤어케어세트,472
147,20180527,헤어케어,헤어케어세트,383
148,20180528,헤어케어,헤어케어세트,281
149,20180529,헤어케어,헤어케어세트,628
150,20180530,헤어케어,헤어케어세트,522
151,20180531,헤어케어,헤어케어세트,663
152,20180601,헤어케어,헤어케어세트,480
153,20180602,헤어케어,헤어케어세트,610
154,20180603,헤어케어,헤어케어세트,883
155,20180604,헤어케어,헤어케어세트,587
156,20180605,헤어케어,헤어케어세트,527
157,20180606,헤어케어,헤어케어세트,503
158,20180607,헤어케어,헤어케어세트,823
159,20180608,헤어케어,헤어케어세트,439
160,20180609,헤어케어,헤어케어세트,827
161,20180610,헤어케어,헤어케어세트,1326
162,20180611,헤어케어,헤어케어세트,619
163,20180612,헤어케어,헤어케어세트,574
164,20180613,헤어케어,헤어케어세트,792
165,20180614,헤어케어,헤어케어세트,571
166,20180615,헤어케어,헤어케어세트,699
167,20180616,헤어케어,헤어케어세트,387
168,20180617,헤어케어,헤어케어세트,606
169,20180618,헤어케어,헤어케어세트,690
170,20180619,헤어케어,헤어케어세트,759
171,20180620,헤어케어,헤어케어세트,525
172,20180621,헤어케어,헤어케어세트,1408
173,20180622,헤어케어,헤어케어세트,420
174,20180623,헤어케어,헤어케어세트,724
175,20180624,헤어케어,헤어케어세트,1460
176,20180625,헤어케어,헤어케어세트,673
177,20180626,헤어케어,헤어케어세트,587
178,20180627,헤어케어,헤어케어세트,706
179,20180628,헤어케어,헤어케어세트,461
180,20180629,헤어케어,헤어케어세트,575
181,20180630,헤어케어,헤어케어세트,354
182,20180701,헤어케어,헤어케어세트,836
183,20180702,헤어케어,헤어케어세트,1067
184,20180703,헤어케어,헤어케어세트,630
185,20180704,헤어케어,헤어케어세트,561
186,20180705,헤어케어,헤어케어세트,662
187,20180706,헤어케어,헤어케어세트,465
188,20180707,헤어케어,헤어케어세트,745
189,20180708,헤어케어,헤어케어세트,476
190,20180709,헤어케어,헤어케어세트,584
191,20180710,헤어케어,헤어케어세트,567
192,20180711,헤어케어,헤어케어세트,1197
193,20180712,헤어케어,헤어케어세트,503
194,20180713,헤어케어,헤어케어세트,683
195,20180714,헤어케어,헤어케어세트,469
196,20180715,헤어케어,헤어케어세트,455
197,20180716,헤어케어,헤어케어세트,597
198,20180717,헤어케어,헤어케어세트,578
199,20180718,헤어케어,헤어케어세트,571
200,20180719,헤어케어,헤어케어세트,715
201,20180720,헤어케어,헤어케어세트,530
202,20180721,헤어케어,헤어케어세트,430
203,20180722,헤어케어,헤어케어세트,458
204,20180723,헤어케어,헤어케어세트,723
205,20180724,헤어케어,헤어케어세트,539
206,20180725,헤어케어,헤어케어세트,568
207,20180726,헤어케어,헤어케어세트,572
208,20180727,헤어케어,헤어케어세트,408
209,20180728,헤어케어,헤어케어세트,731
210,20180729,헤어케어,헤어케어세트,401
211,20180730,헤어케어,헤어케어세트,615
212,20180731,헤어케어,헤어케어세트,601
213,20180801,헤어케어,헤어케어세트,648
214,20180802,헤어케어,헤어케어세트,412
215,20180803,헤어케어,헤어케어세트,440
216,20180804,헤어케어,헤어케어세트,523
217,20180805,헤어케어,헤어케어세트,451
218,20180806,헤어케어,헤어케어세트,587
219,20180807,헤어케어,헤어케어세트,594
220,20180808,헤어케어,헤어케어세트,749
221,20180809,헤어케어,헤어케어세트,984
222,20180810,헤어케어,헤어케어세트,425
223,20180811,헤어케어,헤어케어세트,629
224,20180812,헤어케어,헤어케어세트,870
225,20180813,헤어케어,헤어케어세트,629
226,20180814,헤어케어,헤어케어세트,625
227,20180815,헤어케어,헤어케어세트,924
228,20180816,헤어케어,헤어케어세트,645
229,20180817,헤어케어,헤어케어세트,587
230,20180818,헤어케어,헤어케어세트,1604
231,20180819,헤어케어,헤어케어세트,518
232,20180820,헤어케어,헤어케어세트,667
233,20180821,헤어케어,헤어케어세트,646
234,20180822,헤어케어,헤어케어세트,479
235,20180823,헤어케어,헤어케어세트,566
236,20180824,헤어케어,헤어케어세트,544
237,20180825,헤어케어,헤어케어세트,835
238,20180826,헤어케어,헤어케어세트,714
239,20180827,헤어케어,헤어케어세트,637
240,20180828,헤어케어,헤어케어세트,566
241,20180829,헤어케어,헤어케어세트,648
242,20180830,헤어케어,헤어케어세트,913
243,20180831,헤어케어,헤어케어세트,566
244,20180901,헤어케어,헤어케어세트,402
245,20180902,헤어케어,헤어케어세트,1115
246,20180903,헤어케어,헤어케어세트,759
247,20180904,헤어케어,헤어케어세트,563
248,20180905,헤어케어,헤어케어세트,801
249,20180906,헤어케어,헤어케어세트,512
250,20180907,헤어케어,헤어케어세트,591
251,20180908,헤어케어,헤어케어세트,290
252,20180909,헤어케어,헤어케어세트,454
253,20180910,헤어케어,헤어케어세트,641
254,20180911,헤어케어,헤어케어세트,556
255,20180912,헤어케어,헤어케어세트,652
256,20180913,헤어케어,헤어케어세트,803
257,20180914,헤어케어,헤어케어세트,455
258,20180915,헤어케어,헤어케어세트,443
259,20180916,헤어케어,헤어케어세트,434
260,20180917,헤어케어,헤어케어세트,630
261,20180918,헤어케어,헤어케어세트,623
262,20180919,헤어케어,헤어케어세트,723
263,20180920,헤어케어,헤어케어세트,741
264,20180921,헤어케어,헤어케어세트,345
265,20180922,헤어케어,헤어케어세트,455
266,20180923,헤어케어,헤어케어세트,490
267,20180924,헤어케어,헤어케어세트,528
268,20180925,헤어케어,헤어케어세트,383
269,20180926,헤어케어,헤어케어세트,1513
270,20180927,헤어케어,헤어케어세트,671
271,20180928,헤어케어,헤어케어세트,537
272,20180929,헤어케어,헤어케어세트,750
273,20180930,헤어케어,헤어케어세트,770
274,20181001,헤어케어,헤어케어세트,658
275,20181002,헤어케어,헤어케어세트,529
276,20181003,헤어케어,헤어케어세트,514
277,20181004,헤어케어,헤어케어세트,956
278,20181005,헤어케어,헤어케어세트,787
279,20181006,헤어케어,헤어케어세트,778
280,20181007,헤어케어,헤어케어세트,466
281,20181008,헤어케어,헤어케어세트,573
282,20181009,헤어케어,헤어케어세트,1193
283,20181010,헤어케어,헤어케어세트,554
284,20181011,헤어케어,헤어케어세트,699
285,20181012,헤어케어,헤어케어세트,449
286,20181013,헤어케어,헤어케어세트,327
287,20181014,헤어케어,헤어케어세트,639
288,20181015,헤어케어,헤어케어세트,734
289,20181016,헤어케어,헤어케어세트,852
290,20181017,헤어케어,헤어케어세트,569
291,20181018,헤어케어,헤어케어세트,765
292,20181019,헤어케어,헤어케어세트,583
293,20181020,헤어케어,헤어케어세트,693
294,20181021,헤어케어,헤어케어세트,476
295,20181022,헤어케어,헤어케어세트,617
296,20181023,헤어케어,헤어케어세트,901
297,20181024,헤어케어,헤어케어세트,1061
298,20181025,헤어케어,헤어케어세트,993
299,20181026,헤어케어,헤어케어세트,436
300,20181027,헤어케어,헤어케어세트,348
301,20181028,헤어케어,헤어케어세트,427
302,20181029,헤어케어,헤어케어세트,576
303,20181030,헤어케어,헤어케어세트,902
304,20181031,헤어케어,헤어케어세트,956
305,20181101,헤어케어,헤어케어세트,599
306,20181102,헤어케어,헤어케어세트,680
307,20181103,헤어케어,헤어케어세트,349
308,20181104,헤어케어,헤어케어세트,920
309,20181105,헤어케어,헤어케어세트,688
310,20181106,헤어케어,헤어케어세트,625
311,20181107,헤어케어,헤어케어세트,656
312,20181108,헤어케어,헤어케어세트,991
313,20181109,헤어케어,헤어케어세트,562
314,20181110,헤어케어,헤어케어세트,446
315,20181111,헤어케어,헤어케어세트,596
316,20181112,헤어케어,헤어케어세트,641
317,20181113,헤어케어,헤어케어세트,728
318,20181114,헤어케어,헤어케어세트,595
319,20181115,헤어케어,헤어케어세트,659
320,20181116,헤어케어,헤어케어세트,910
321,20181117,헤어케어,헤어케어세트,763
322,20181118,헤어케어,헤어케어세트,481
323,20181119,헤어케어,헤어케어세트,1130
324,20181120,헤어케어,헤어케어세트,690
325,20181121,헤어케어,헤어케어세트,736
326,20181122,헤어케어,헤어케어세트,554
327,20181123,헤어케어,헤어케어세트,601
328,20181124,헤어케어,헤어케어세트,532
329,20181125,헤어케어,헤어케어세트,618
330,20181126,헤어케어,헤어케어세트,702
331,20181127,헤어케어,헤어케어세트,940
332,20181128,헤어케어,헤어케어세트,601
333,20181129,헤어케어,헤어케어세트,868
334,20181130,헤어케어,헤어케어세트,1388
335,20181201,헤어케어,헤어케어세트,397
336,20181202,헤어케어,헤어케어세트,479
337,20181203,헤어케어,헤어케어세트,754
338,20181204,헤어케어,헤어케어세트,657
339,20181205,헤어케어,헤어케어세트,1290
340,20181206,헤어케어,헤어케어세트,562
341,20181207,헤어케어,헤어케어세트,747
342,20181208,헤어케어,헤어케어세트,650
343,20181209,헤어케어,헤어케어세트,425
344,20181210,헤어케어,헤어케어세트,638
345,20181211,헤어케어,헤어케어세트,593
346,20181212,헤어케어,헤어케어세트,954
347,20181213,헤어케어,헤어케어세트,578
348,20181214,헤어케어,헤어케어세트,1288
349,20181215,헤어케어,헤어케어세트,423
350,20181216,헤어케어,헤어케어세트,1010
351,20181217,헤어케어,헤어케어세트,1195
352,20181218,헤어케어,헤어케어세트,623
353,20181219,헤어케어,헤어케어세트,917
354,20181220,헤어케어,헤어케어세트,601
355,20181221,헤어케어,헤어케어세트,486
356,20181222,헤어케어,헤어케어세트,866
357,20181223,헤어케어,헤어케어세트,594
358,20181224,헤어케어,헤어케어세트,588
359,20181225,헤어케어,헤어케어세트,1099
360,20181226,헤어케어,헤어케어세트,779
361,20181227,헤어케어,헤어케어세트,711
362,20181228,헤어케어,헤어케어세트,1691
363,20181229,헤어케어,헤어케어세트,468
364,20181230,헤어케어,헤어케어세트,545
365,20181231,헤어케어,헤어케어세트,520
366,20190101,헤어케어,헤어케어세트,1081
367,20190102,헤어케어,헤어케어세트,803
368,20190103,헤어케어,헤어케어세트,855
369,20190104,헤어케어,헤어케어세트,782
370,20190105,헤어케어,헤어케어세트,802
371,20190106,헤어케어,헤어케어세트,644
372,20190107,헤어케어,헤어케어세트,808
373,20190108,헤어케어,헤어케어세트,732
374,20190109,헤어케어,헤어케어세트,1098
375,20190110,헤어케어,헤어케어세트,781
376,20190111,헤어케어,헤어케어세트,920
377,20190112,헤어케어,헤어케어세트,730
378,20190113,헤어케어,헤어케어세트,733
379,20190114,헤어케어,헤어케어세트,755
380,20190115,헤어케어,헤어케어세트,733
381,20190116,헤어케어,헤어케어세트,1314
382,20190117,헤어케어,헤어케어세트,865
383,20190118,헤어케어,헤어케어세트,871
384,20190119,헤어케어,헤어케어세트,564
385,20190120,헤어케어,헤어케어세트,1231
386,20190121,헤어케어,헤어케어세트,982
387,20190122,헤어케어,헤어케어세트,1041
388,20190123,헤어케어,헤어케어세트,690
389,20190124,헤어케어,헤어케어세트,779
390,20190125,헤어케어,헤어케어세트,686
391,20190126,헤어케어,헤어케어세트,488
392,20190127,헤어케어,헤어케어세트,642
393,20190128,헤어케어,헤어케어세트,1787
394,20190129,헤어케어,헤어케어세트,802
395,20190130,헤어케어,헤어케어세트,830
396,20190131,헤어케어,헤어케어세트,565
397,20190201,헤어케어,헤어케어세트,584
398,20190202,헤어케어,헤어케어세트,378
399,20190203,헤어케어,헤어케어세트,442
400,20190204,헤어케어,헤어케어세트,471
401,20190205,헤어케어,헤어케어세트,632
402,20190206,헤어케어,헤어케어세트,2095
403,20190207,헤어케어,헤어케어세트,1160
404,20190208,헤어케어,헤어케어세트,794
405,20190209,헤어케어,헤어케어세트,694
406,20190210,헤어케어,헤어케어세트,650
407,20190211,헤어케어,헤어케어세트,995
408,20190212,헤어케어,헤어케어세트,885
409,20190213,헤어케어,헤어케어세트,1076
410,20190214,헤어케어,헤어케어세트,888
411,20190215,헤어케어,헤어케어세트,720
412,20190216,헤어케어,헤어케어세트,2005
413,20190217,헤어케어,헤어케어세트,829
414,20190218,헤어케어,헤어케어세트,778
415,20190219,헤어케어,헤어케어세트,793
416,20190220,헤어케어,헤어케어세트,828
417,20190221,헤어케어,헤어케어세트,650
418,20190222,헤어케어,헤어케어세트,624
419,20190223,헤어케어,헤어케어세트,1381
420,20190224,헤어케어,헤어케어세트,641
421,20190225,헤어케어,헤어케어세트,840
422,20190226,헤어케어,헤어케어세트,885
423,20190227,헤어케어,헤어케어세트,773
424,20190228,헤어케어,헤어케어세트,677
425,20190301,헤어케어,헤어케어세트,682
426,20190302,헤어케어,헤어케어세트,667
427,20190303,헤어케어,헤어케어세트,965
428,20190304,헤어케어,헤어케어세트,931
429,20190305,헤어케어,헤어케어세트,930
430,20190306,헤어케어,헤어케어세트,969
431,20190307,헤어케어,헤어케어세트,794
432,20190308,헤어케어,헤어케어세트,921
433,20190309,헤어케어,헤어케어세트,509
434,20190310,헤어케어,헤어케어세트,740
435,20190311,헤어케어,헤어케어세트,1317
436,20190312,헤어케어,헤어케어세트,934
437,20190313,헤어케어,헤어케어세트,792
438,20190314,헤어케어,헤어케어세트,835
439,20190315,헤어케어,헤어케어세트,761
440,20190316,헤어케어,헤어케어세트,525
441,20190317,헤어케어,헤어케어세트,787
442,20190318,헤어케어,헤어케어세트,848
443,20190319,헤어케어,헤어케어세트,735
444,20190320,헤어케어,헤어케어세트,879
445,20190321,헤어케어,헤어케어세트,709
446,20190322,헤어케어,헤어케어세트,928
447,20190323,헤어케어,헤어케어세트,472
448,20190324,헤어케어,헤어케어세트,570
449,20190325,헤어케어,헤어케어세트,860
450,20190326,헤어케어,헤어케어세트,1644
451,20190327,헤어케어,헤어케어세트,709
452,20190328,헤어케어,헤어케어세트,609
453,20190329,헤어케어,헤어케어세트,541
454,20190330,헤어케어,헤어케어세트,530
455,20190331,헤어케어,헤어케어세트,734
456,20190401,헤어케어,헤어케어세트,983
457,20190402,헤어케어,헤어케어세트,911
458,20190403,헤어케어,헤어케어세트,868
459,20190404,헤어케어,헤어케어세트,758
460,20190405,헤어케어,헤어케어세트,844
461,20190406,헤어케어,헤어케어세트,1191
462,20190407,헤어케어,헤어케어세트,738
463,20190408,헤어케어,헤어케어세트,866
464,20190409,헤어케어,헤어케어세트,1800
465,20190410,헤어케어,헤어케어세트,865
466,20190411,헤어케어,헤어케어세트,699
467,20190412,헤어케어,헤어케어세트,590
468,20190413,헤어케어,헤어케어세트,791
469,20190414,헤어케어,헤어케어세트,653
470,20190415,헤어케어,헤어케어세트,1054
471,20190416,헤어케어,헤어케어세트,1169
472,20190417,헤어케어,헤어케어세트,1065
473,20190418,헤어케어,헤어케어세트,775
474,20190419,헤어케어,헤어케어세트,621
475,20190420,헤어케어,헤어케어세트,469
476,20190421,헤어케어,헤어케어세트,718
477,20190422,헤어케어,헤어케어세트,1249
478,20190423,헤어케어,헤어케어세트,681
479,20190424,헤어케어,헤어케어세트,709
480,20190425,헤어케어,헤어케어세트,644
481,20190426,헤어케어,헤어케어세트,635
482,20190427,헤어케어,헤어케어세트,502
483,20190428,헤어케어,헤어케어세트,689
484,20190429,헤어케어,헤어케어세트,780
485,20190430,헤어케어,헤어케어세트,718
486,20190501,헤어케어,헤어케어세트,1009
487,20190502,헤어케어,헤어케어세트,1011
488,20190503,헤어케어,헤어케어세트,718
489,20190504,헤어케어,헤어케어세트,653
490,20190505,헤어케어,헤어케어세트,857
491,20190506,헤어케어,헤어케어세트,995
492,20190507,헤어케어,헤어케어세트,605
493,20190508,헤어케어,헤어케어세트,829
494,20190509,헤어케어,헤어케어세트,1805
495,20190510,헤어케어,헤어케어세트,875
496,20190511,헤어케어,헤어케어세트,740
497,20190512,헤어케어,헤어케어세트,558
498,20190513,헤어케어,헤어케어세트,779
499,20190514,헤어케어,헤어케어세트,627
500,20190515,헤어케어,헤어케어세트,939
501,20190516,헤어케어,헤어케어세트,1458
502,20190517,헤어케어,헤어케어세트,1048
503,20190518,헤어케어,헤어케어세트,660
504,20190519,헤어케어,헤어케어세트,581
505,20190520,헤어케어,헤어케어세트,425
506,20190521,헤어케어,헤어케어세트,649
507,20190522,헤어케어,헤어케어세트,1338
508,20190523,헤어케어,헤어케어세트,618
509,20190524,헤어케어,헤어케어세트,569
510,20190525,헤어케어,헤어케어세트,682
511,20190526,헤어케어,헤어케어세트,654
512,20190527,헤어케어,헤어케어세트,478
513,20190528,헤어케어,헤어케어세트,713
514,20190529,헤어케어,헤어케어세트,669
515,20190530,헤어케어,헤어케어세트,757
516,20190531,헤어케어,헤어케어세트,638
517,20190601,헤어케어,헤어케어세트,528
518,20190602,헤어케어,헤어케어세트,795
519,20190603,헤어케어,헤어케어세트,1788
520,20190604,헤어케어,헤어케어세트,734
521,20190605,헤어케어,헤어케어세트,701
522,20190606,헤어케어,헤어케어세트,482
523,20190607,헤어케어,헤어케어세트,888
524,20190608,헤어케어,헤어케어세트,404
525,20190609,헤어케어,헤어케어세트,648
526,20190610,헤어케어,헤어케어세트,1261
527,20190611,헤어케어,헤어케어세트,707
528,20190612,헤어케어,헤어케어세트,712
529,20190613,헤어케어,헤어케어세트,695
530,20190614,헤어케어,헤어케어세트,719
531,20190615,헤어케어,헤어케어세트,577
532,20190616,헤어케어,헤어케어세트,484
533,20190617,헤어케어,헤어케어세트,697
534,20190618,헤어케어,헤어케어세트,1674
535,20190619,헤어케어,헤어케어세트,626
536,20190620,헤어케어,헤어케어세트,745
537,20190621,헤어케어,헤어케어세트,608
538,20190622,헤어케어,헤어케어세트,485
539,20190623,헤어케어,헤어케어세트,556
540,20190624,헤어케어,헤어케어세트,681
541,20190625,헤어케어,헤어케어세트,671
542,20190626,헤어케어,헤어케어세트,786
543,20190627,헤어케어,헤어케어세트,609
544,20190628,헤어케어,헤어케어세트,516
545,20190629,헤어케어,헤어케어세트,451
546,20190630,헤어케어,헤어케어세트,912
547,20190701,헤어케어,헤어케어세트,831
548,20190702,헤어케어,헤어케어세트,949
549,20190703,헤어케어,헤어케어세트,742
550,20190704,헤어케어,헤어케어세트,691
551,20190705,헤어케어,헤어케어세트,489
552,20190706,헤어케어,헤어케어세트,445
553,20190707,헤어케어,헤어케어세트,579
554,20190708,헤어케어,헤어케어세트,747
555,20190709,헤어케어,헤어케어세트,698
556,20190710,헤어케어,헤어케어세트,1281
557,20190711,헤어케어,헤어케어세트,642
558,20190712,헤어케어,헤어케어세트,660
559,20190713,헤어케어,헤어케어세트,1621
560,20190714,헤어케어,헤어케어세트,699
561,20190715,헤어케어,헤어케어세트,793
562,20190716,헤어케어,헤어케어세트,770
563,20190717,헤어케어,헤어케어세트,843
564,20190718,헤어케어,헤어케어세트,738
565,20190719,헤어케어,헤어케어세트,553
566,20190720,헤어케어,헤어케어세트,521
567,20190721,헤어케어,헤어케어세트,608
568,20190722,헤어케어,헤어케어세트,794
569,20190723,헤어케어,헤어케어세트,805
570,20190724,헤어케어,헤어케어세트,674
571,20190725,헤어케어,헤어케어세트,724
572,20190726,헤어케어,헤어케어세트,621
573,20190727,헤어케어,헤어케어세트,437
574,20190728,헤어케어,헤어케어세트,554
575,20190729,헤어케어,헤어케어세트,858
576,20190730,헤어케어,헤어케어세트,602
577,20190731,헤어케어,헤어케어세트,640
578,20190801,헤어케어,헤어케어세트,914
579,20190802,헤어케어,헤어케어세트,637
580,20190803,헤어케어,헤어케어세트,402
581,20190804,헤어케어,헤어케어세트,571
582,20190805,헤어케어,헤어케어세트,778
583,20190806,헤어케어,헤어케어세트,883
584,20190807,헤어케어,헤어케어세트,747
585,20190808,헤어케어,헤어케어세트,681
586,20190809,헤어케어,헤어케어세트,646
587,20190810,헤어케어,헤어케어세트,858
588,20190811,헤어케어,헤어케어세트,544
589,20190812,헤어케어,헤어케어세트,874
590,20190813,헤어케어,헤어케어세트,918
591,20190814,헤어케어,헤어케어세트,656
592,20190815,헤어케어,헤어케어세트,660
593,20190816,헤어케어,헤어케어세트,625
594,20190817,헤어케어,헤어케어세트,421
595,20190818,헤어케어,헤어케어세트,869
596,20190819,헤어케어,헤어케어세트,912
597,20190820,헤어케어,헤어케어세트,737
598,20190821,헤어케어,헤어케어세트,1021
599,20190822,헤어케어,헤어케어세트,693
600,20190823,헤어케어,헤어케어세트,617
601,20190824,헤어케어,헤어케어세트,787
602,20190825,헤어케어,헤어케어세트,600
603,20190826,헤어케어,헤어케어세트,794
604,20190827,헤어케어,헤어케어세트,814
605,20190828,헤어케어,헤어케어세트,1450
606,20190829,헤어케어,헤어케어세트,647
607,20190830,헤어케어,헤어케어세트,656
608,20190831,헤어케어,헤어케어세트,463
609,20190901,헤어케어,헤어케어세트,686
610,20190902,헤어케어,헤어케어세트,1167
611,20190903,헤어케어,헤어케어세트,739
612,20190904,헤어케어,헤어케어세트,795
613,20190905,헤어케어,헤어케어세트,779
614,20190906,헤어케어,헤어케어세트,549
615,20190907,헤어케어,헤어케어세트,468
616,20190908,헤어케어,헤어케어세트,612
617,20190909,헤어케어,헤어케어세트,806
618,20190910,헤어케어,헤어케어세트,565
619,20190911,헤어케어,헤어케어세트,308
620,20190912,헤어케어,헤어케어세트,320
621,20190913,헤어케어,헤어케어세트,332
622,20190914,헤어케어,헤어케어세트,402
623,20190915,헤어케어,헤어케어세트,977
624,20190916,헤어케어,헤어케어세트,1001
625,20190917,헤어케어,헤어케어세트,997
626,20190918,헤어케어,헤어케어세트,831
627,20190919,헤어케어,헤어케어세트,661
628,20190920,헤어케어,헤어케어세트,599
629,20190921,헤어케어,헤어케어세트,511
630,20190922,헤어케어,헤어케어세트,546
631,20190923,헤어케어,헤어케어세트,1914
632,20190924,헤어케어,헤어케어세트,681
633,20190925,헤어케어,헤어케어세트,686
634,20190926,헤어케어,헤어케어세트,668
635,20190927,헤어케어,헤어케어세트,1071
636,20190928,헤어케어,헤어케어세트,518
637,20190929,헤어케어,헤어케어세트,561
638,20190930,헤어케어,헤어케어세트,761
639,20191001,헤어케어,헤어케어세트,789
640,20191002,헤어케어,헤어케어세트,711
641,20191003,헤어케어,헤어케어세트,551
642,20191004,헤어케어,헤어케어세트,551
643,20191005,헤어케어,헤어케어세트,416
644,20191006,헤어케어,헤어케어세트,546
645,20191007,헤어케어,헤어케어세트,1337
646,20191008,헤어케어,헤어케어세트,541
647,20191009,헤어케어,헤어케어세트,559
648,20191010,헤어케어,헤어케어세트,556
649,20191011,헤어케어,헤어케어세트,726
650,20191012,헤어케어,헤어케어세트,495
651,20191013,헤어케어,헤어케어세트,569
652,20191014,헤어케어,헤어케어세트,779
653,20191015,헤어케어,헤어케어세트,648
654,20191016,헤어케어,헤어케어세트,604
655,20191017,헤어케어,헤어케어세트,690
656,20191018,헤어케어,헤어케어세트,648
657,20191019,헤어케어,헤어케어세트,448
658,20191020,헤어케어,헤어케어세트,889
659,20191021,헤어케어,헤어케어세트,910
660,20191022,헤어케어,헤어케어세트,758
661,20191023,헤어케어,헤어케어세트,680
662,20191024,헤어케어,헤어케어세트,614
663,20191025,헤어케어,헤어케어세트,703
664,20191026,헤어케어,헤어케어세트,509
665,20191027,헤어케어,헤어케어세트,635
666,20191028,헤어케어,헤어케어세트,818
667,20191029,헤어케어,헤어케어세트,645
668,20191030,헤어케어,헤어케어세트,792
669,20191031,헤어케어,헤어케어세트,652
670,20191101,헤어케어,헤어케어세트,755
671,20191102,헤어케어,헤어케어세트,545
672,20191103,헤어케어,헤어케어세트,778
673,20191104,헤어케어,헤어케어세트,1338
674,20191105,헤어케어,헤어케어세트,755
675,20191106,헤어케어,헤어케어세트,767
676,20191107,헤어케어,헤어케어세트,786
677,20191108,헤어케어,헤어케어세트,549
678,20191109,헤어케어,헤어케어세트,483
679,20191110,헤어케어,헤어케어세트,580
680,20191111,헤어케어,헤어케어세트,807
681,20191112,헤어케어,헤어케어세트,792
682,20191113,헤어케어,헤어케어세트,668
683,20191114,헤어케어,헤어케어세트,600
684,20191115,헤어케어,헤어케어세트,537
685,20191116,헤어케어,헤어케어세트,523
686,20191117,헤어케어,헤어케어세트,532
687,20191118,헤어케어,헤어케어세트,671
688,20191119,헤어케어,헤어케어세트,609
689,20191120,헤어케어,헤어케어세트,619
690,20191121,헤어케어,헤어케어세트,1032
691,20191122,헤어케어,헤어케어세트,627
692,20191123,헤어케어,헤어케어세트,431
693,20191124,헤어케어,헤어케어세트,594
694,20191125,헤어케어,헤어케어세트,754
695,20191126,헤어케어,헤어케어세트,684
696,20191127,헤어케어,헤어케어세트,769
697,20191128,헤어케어,헤어케어세트,626
698,20191129,헤어케어,헤어케어세트,485
699,20191130,헤어케어,헤어케어세트,405
700,20191201,헤어케어,헤어케어세트,635
701,20191202,헤어케어,헤어케어세트,942
702,20191203,헤어케어,헤어케어세트,1419
703,20191204,헤어케어,헤어케어세트,756
704,20191205,헤어케어,헤어케어세트,640
705,20191206,헤어케어,헤어케어세트,570
706,20191207,헤어케어,헤어케어세트,489
707,20191208,헤어케어,헤어케어세트,655
708,20191209,헤어케어,헤어케어세트,1249
709,20191210,헤어케어,헤어케어세트,631
710,20191211,헤어케어,헤어케어세트,686
711,20191212,헤어케어,헤어케어세트,625
712,20191213,헤어케어,헤어케어세트,607
713,20191214,헤어케어,헤어케어세트,412
714,20191215,헤어케어,헤어케어세트,576
715,20191216,헤어케어,헤어케어세트,1179
716,20191217,헤어케어,헤어케어세트,674
717,20191218,헤어케어,헤어케어세트,815
718,20191219,헤어케어,헤어케어세트,879
719,20191220,헤어케어,헤어케어세트,554
720,20191221,헤어케어,헤어케어세트,776
721,20191222,헤어케어,헤어케어세트,563
722,20191223,헤어케어,헤어케어세트,680
723,20191224,헤어케어,헤어케어세트,505
724,20191225,헤어케어,헤어케어세트,585
725,20191226,헤어케어,헤어케어세트,716
726,20191227,헤어케어,헤어케어세트,580
727,20191228,헤어케어,헤어케어세트,480
728,20191229,헤어케어,헤어케어세트,511
729,20191230,헤어케어,헤어케어세트,614
730,20191231,헤어케어,헤어케어세트,483
