﻿,date,big_cat,sm_cat,sum_qty
1,20180101,습도 조절,초음파식 가습기,398
2,20180102,습도 조절,초음파식 가습기,599
3,20180103,습도 조절,초음파식 가습기,553
4,20180104,습도 조절,초음파식 가습기,587
5,20180105,습도 조절,초음파식 가습기,385
6,20180106,습도 조절,초음파식 가습기,327
7,20180107,습도 조절,초음파식 가습기,323
8,20180108,습도 조절,초음파식 가습기,458
9,20180109,습도 조절,초음파식 가습기,363
10,20180110,습도 조절,초음파식 가습기,394
11,20180111,습도 조절,초음파식 가습기,510
12,20180112,습도 조절,초음파식 가습기,350
13,20180113,습도 조절,초음파식 가습기,264
14,20180114,습도 조절,초음파식 가습기,316
15,20180115,습도 조절,초음파식 가습기,436
16,20180116,습도 조절,초음파식 가습기,386
17,20180117,습도 조절,초음파식 가습기,348
18,20180118,습도 조절,초음파식 가습기,241
19,20180119,습도 조절,초음파식 가습기,303
20,20180120,습도 조절,초음파식 가습기,233
21,20180121,습도 조절,초음파식 가습기,235
22,20180122,습도 조절,초음파식 가습기,313
23,20180123,습도 조절,초음파식 가습기,314
24,20180124,습도 조절,초음파식 가습기,297
25,20180125,습도 조절,초음파식 가습기,309
26,20180126,습도 조절,초음파식 가습기,244
27,20180127,습도 조절,초음파식 가습기,217
28,20180128,습도 조절,초음파식 가습기,339
29,20180129,습도 조절,초음파식 가습기,434
30,20180130,습도 조절,초음파식 가습기,435
31,20180131,습도 조절,초음파식 가습기,293
32,20180201,습도 조절,초음파식 가습기,363
33,20180202,습도 조절,초음파식 가습기,225
34,20180203,습도 조절,초음파식 가습기,202
35,20180204,습도 조절,초음파식 가습기,297
36,20180205,습도 조절,초음파식 가습기,372
37,20180206,습도 조절,초음파식 가습기,328
38,20180207,습도 조절,초음파식 가습기,297
39,20180208,습도 조절,초음파식 가습기,320
40,20180209,습도 조절,초음파식 가습기,226
41,20180210,습도 조절,초음파식 가습기,202
42,20180211,습도 조절,초음파식 가습기,200
43,20180212,습도 조절,초음파식 가습기,324
44,20180213,습도 조절,초음파식 가습기,266
45,20180214,습도 조절,초음파식 가습기,118
46,20180215,습도 조절,초음파식 가습기,120
47,20180216,습도 조절,초음파식 가습기,68
48,20180217,습도 조절,초음파식 가습기,137
49,20180218,습도 조절,초음파식 가습기,274
50,20180219,습도 조절,초음파식 가습기,409
51,20180220,습도 조절,초음파식 가습기,266
52,20180221,습도 조절,초음파식 가습기,205
53,20180222,습도 조절,초음파식 가습기,195
54,20180223,습도 조절,초음파식 가습기,167
55,20180224,습도 조절,초음파식 가습기,177
56,20180225,습도 조절,초음파식 가습기,140
57,20180226,습도 조절,초음파식 가습기,256
58,20180227,습도 조절,초음파식 가습기,243
59,20180228,습도 조절,초음파식 가습기,167
60,20180301,습도 조절,초음파식 가습기,343
61,20180302,습도 조절,초음파식 가습기,196
62,20180303,습도 조절,초음파식 가습기,118
63,20180304,습도 조절,초음파식 가습기,152
64,20180305,습도 조절,초음파식 가습기,212
65,20180306,습도 조절,초음파식 가습기,166
66,20180307,습도 조절,초음파식 가습기,192
67,20180308,습도 조절,초음파식 가습기,140
68,20180309,습도 조절,초음파식 가습기,174
69,20180310,습도 조절,초음파식 가습기,159
70,20180311,습도 조절,초음파식 가습기,204
71,20180312,습도 조절,초음파식 가습기,282
72,20180313,습도 조절,초음파식 가습기,219
73,20180314,습도 조절,초음파식 가습기,166
74,20180315,습도 조절,초음파식 가습기,285
75,20180316,습도 조절,초음파식 가습기,148
76,20180317,습도 조절,초음파식 가습기,111
77,20180318,습도 조절,초음파식 가습기,165
78,20180319,습도 조절,초음파식 가습기,129
79,20180320,습도 조절,초음파식 가습기,137
80,20180321,습도 조절,초음파식 가습기,185
81,20180322,습도 조절,초음파식 가습기,225
82,20180323,습도 조절,초음파식 가습기,146
83,20180324,습도 조절,초음파식 가습기,85
84,20180325,습도 조절,초음파식 가습기,132
85,20180326,습도 조절,초음파식 가습기,191
86,20180327,습도 조절,초음파식 가습기,155
87,20180328,습도 조절,초음파식 가습기,139
88,20180329,습도 조절,초음파식 가습기,119
89,20180330,습도 조절,초음파식 가습기,258
90,20180331,습도 조절,초음파식 가습기,88
91,20180401,습도 조절,초음파식 가습기,217
92,20180402,습도 조절,초음파식 가습기,211
93,20180403,습도 조절,초음파식 가습기,208
94,20180404,습도 조절,초음파식 가습기,176
95,20180405,습도 조절,초음파식 가습기,261
96,20180406,습도 조절,초음파식 가습기,109
97,20180407,습도 조절,초음파식 가습기,118
98,20180408,습도 조절,초음파식 가습기,120
99,20180409,습도 조절,초음파식 가습기,261
100,20180410,습도 조절,초음파식 가습기,176
101,20180411,습도 조절,초음파식 가습기,392
102,20180412,습도 조절,초음파식 가습기,101
103,20180413,습도 조절,초음파식 가습기,103
104,20180414,습도 조절,초음파식 가습기,100
105,20180415,습도 조절,초음파식 가습기,180
106,20180416,습도 조절,초음파식 가습기,191
107,20180417,습도 조절,초음파식 가습기,128
108,20180418,습도 조절,초음파식 가습기,132
109,20180419,습도 조절,초음파식 가습기,97
110,20180420,습도 조절,초음파식 가습기,80
111,20180421,습도 조절,초음파식 가습기,106
112,20180422,습도 조절,초음파식 가습기,188
113,20180423,습도 조절,초음파식 가습기,260
114,20180424,습도 조절,초음파식 가습기,113
115,20180425,습도 조절,초음파식 가습기,178
116,20180426,습도 조절,초음파식 가습기,149
117,20180427,습도 조절,초음파식 가습기,88
118,20180428,습도 조절,초음파식 가습기,84
119,20180429,습도 조절,초음파식 가습기,177
120,20180430,습도 조절,초음파식 가습기,345
121,20180501,습도 조절,초음파식 가습기,231
122,20180502,습도 조절,초음파식 가습기,296
123,20180503,습도 조절,초음파식 가습기,252
124,20180504,습도 조절,초음파식 가습기,281
125,20180505,습도 조절,초음파식 가습기,298
126,20180506,습도 조절,초음파식 가습기,158
127,20180507,습도 조절,초음파식 가습기,126
128,20180508,습도 조절,초음파식 가습기,146
129,20180509,습도 조절,초음파식 가습기,260
130,20180510,습도 조절,초음파식 가습기,200
131,20180511,습도 조절,초음파식 가습기,393
132,20180512,습도 조절,초음파식 가습기,122
133,20180513,습도 조절,초음파식 가습기,100
134,20180514,습도 조절,초음파식 가습기,108
135,20180515,습도 조절,초음파식 가습기,149
136,20180516,습도 조절,초음파식 가습기,240
137,20180517,습도 조절,초음파식 가습기,162
138,20180518,습도 조절,초음파식 가습기,129
139,20180519,습도 조절,초음파식 가습기,106
140,20180520,습도 조절,초음파식 가습기,87
141,20180521,습도 조절,초음파식 가습기,108
142,20180522,습도 조절,초음파식 가습기,187
143,20180523,습도 조절,초음파식 가습기,291
144,20180524,습도 조절,초음파식 가습기,152
145,20180525,습도 조절,초음파식 가습기,178
146,20180526,습도 조절,초음파식 가습기,176
147,20180527,습도 조절,초음파식 가습기,86
148,20180528,습도 조절,초음파식 가습기,101
149,20180529,습도 조절,초음파식 가습기,161
150,20180530,습도 조절,초음파식 가습기,362
151,20180531,습도 조절,초음파식 가습기,69
152,20180601,습도 조절,초음파식 가습기,248
153,20180602,습도 조절,초음파식 가습기,82
154,20180603,습도 조절,초음파식 가습기,112
155,20180604,습도 조절,초음파식 가습기,379
156,20180605,습도 조절,초음파식 가습기,216
157,20180606,습도 조절,초음파식 가습기,222
158,20180607,습도 조절,초음파식 가습기,211
159,20180608,습도 조절,초음파식 가습기,141
160,20180609,습도 조절,초음파식 가습기,127
161,20180610,습도 조절,초음파식 가습기,136
162,20180611,습도 조절,초음파식 가습기,279
163,20180612,습도 조절,초음파식 가습기,128
164,20180613,습도 조절,초음파식 가습기,111
165,20180614,습도 조절,초음파식 가습기,223
166,20180615,습도 조절,초음파식 가습기,156
167,20180616,습도 조절,초음파식 가습기,92
168,20180617,습도 조절,초음파식 가습기,92
169,20180618,습도 조절,초음파식 가습기,220
170,20180619,습도 조절,초음파식 가습기,283
171,20180620,습도 조절,초음파식 가습기,184
172,20180621,습도 조절,초음파식 가습기,175
173,20180622,습도 조절,초음파식 가습기,131
174,20180623,습도 조절,초음파식 가습기,98
175,20180624,습도 조절,초음파식 가습기,132
176,20180625,습도 조절,초음파식 가습기,358
177,20180626,습도 조절,초음파식 가습기,576
178,20180627,습도 조절,초음파식 가습기,332
179,20180628,습도 조절,초음파식 가습기,427
180,20180629,습도 조절,초음파식 가습기,454
181,20180630,습도 조절,초음파식 가습기,379
182,20180701,습도 조절,초음파식 가습기,913
183,20180702,습도 조절,초음파식 가습기,1018
184,20180703,습도 조절,초음파식 가습기,941
185,20180704,습도 조절,초음파식 가습기,456
186,20180705,습도 조절,초음파식 가습기,474
187,20180706,습도 조절,초음파식 가습기,256
188,20180707,습도 조절,초음파식 가습기,114
189,20180708,습도 조절,초음파식 가습기,147
190,20180709,습도 조절,초음파식 가습기,394
191,20180710,습도 조절,초음파식 가습기,238
192,20180711,습도 조절,초음파식 가습기,493
193,20180712,습도 조절,초음파식 가습기,424
194,20180713,습도 조절,초음파식 가습기,261
195,20180714,습도 조절,초음파식 가습기,129
196,20180715,습도 조절,초음파식 가습기,187
197,20180716,습도 조절,초음파식 가습기,279
198,20180717,습도 조절,초음파식 가습기,194
199,20180718,습도 조절,초음파식 가습기,220
200,20180719,습도 조절,초음파식 가습기,181
201,20180720,습도 조절,초음파식 가습기,89
202,20180721,습도 조절,초음파식 가습기,62
203,20180722,습도 조절,초음파식 가습기,51
204,20180723,습도 조절,초음파식 가습기,101
205,20180724,습도 조절,초음파식 가습기,98
206,20180725,습도 조절,초음파식 가습기,93
207,20180726,습도 조절,초음파식 가습기,65
208,20180727,습도 조절,초음파식 가습기,48
209,20180728,습도 조절,초음파식 가습기,48
210,20180729,습도 조절,초음파식 가습기,52
211,20180730,습도 조절,초음파식 가습기,89
212,20180731,습도 조절,초음파식 가습기,65
213,20180801,습도 조절,초음파식 가습기,89
214,20180802,습도 조절,초음파식 가습기,67
215,20180803,습도 조절,초음파식 가습기,53
216,20180804,습도 조절,초음파식 가습기,65
217,20180805,습도 조절,초음파식 가습기,61
218,20180806,습도 조절,초음파식 가습기,202
219,20180807,습도 조절,초음파식 가습기,103
220,20180808,습도 조절,초음파식 가습기,123
221,20180809,습도 조절,초음파식 가습기,117
222,20180810,습도 조절,초음파식 가습기,73
223,20180811,습도 조절,제습기,37
224,20180812,습도 조절,초음파식 가습기,58
225,20180813,습도 조절,초음파식 가습기,83
226,20180814,습도 조절,초음파식 가습기,66
227,20180815,습도 조절,초음파식 가습기,59
228,20180816,습도 조절,초음파식 가습기,112
229,20180817,습도 조절,초음파식 가습기,53
230,20180818,습도 조절,초음파식 가습기,60
231,20180819,습도 조절,초음파식 가습기,46
232,20180820,습도 조절,초음파식 가습기,82
233,20180821,습도 조절,초음파식 가습기,50
234,20180822,습도 조절,초음파식 가습기,47
235,20180823,습도 조절,초음파식 가습기,77
236,20180824,습도 조절,초음파식 가습기,64
237,20180825,습도 조절,초음파식 가습기,28
238,20180826,습도 조절,초음파식 가습기,55
239,20180827,습도 조절,초음파식 가습기,143
240,20180828,습도 조절,초음파식 가습기,225
241,20180829,습도 조절,초음파식 가습기,166
242,20180830,습도 조절,초음파식 가습기,125
243,20180831,습도 조절,초음파식 가습기,100
244,20180901,습도 조절,초음파식 가습기,76
245,20180902,습도 조절,초음파식 가습기,84
246,20180903,습도 조절,초음파식 가습기,178
247,20180904,습도 조절,초음파식 가습기,92
248,20180905,습도 조절,초음파식 가습기,57
249,20180906,습도 조절,초음파식 가습기,68
250,20180907,습도 조절,초음파식 가습기,66
251,20180908,습도 조절,초음파식 가습기,222
252,20180909,습도 조절,초음파식 가습기,99
253,20180910,습도 조절,초음파식 가습기,156
254,20180911,습도 조절,초음파식 가습기,139
255,20180912,습도 조절,초음파식 가습기,126
256,20180913,습도 조절,초음파식 가습기,120
257,20180914,습도 조절,초음파식 가습기,90
258,20180915,습도 조절,초음파식 가습기,64
259,20180916,습도 조절,초음파식 가습기,72
260,20180917,습도 조절,초음파식 가습기,124
261,20180918,습도 조절,초음파식 가습기,104
262,20180919,습도 조절,초음파식 가습기,116
263,20180920,습도 조절,초음파식 가습기,154
264,20180921,습도 조절,초음파식 가습기,98
265,20180922,습도 조절,초음파식 가습기,71
266,20180923,습도 조절,초음파식 가습기,62
267,20180924,습도 조절,초음파식 가습기,61
268,20180925,습도 조절,초음파식 가습기,143
269,20180926,습도 조절,초음파식 가습기,207
270,20180927,습도 조절,초음파식 가습기,301
271,20180928,습도 조절,초음파식 가습기,188
272,20180929,습도 조절,초음파식 가습기,152
273,20180930,습도 조절,초음파식 가습기,217
274,20181001,습도 조절,초음파식 가습기,332
275,20181002,습도 조절,초음파식 가습기,279
276,20181003,습도 조절,초음파식 가습기,245
277,20181004,습도 조절,초음파식 가습기,327
278,20181005,습도 조절,초음파식 가습기,213
279,20181006,습도 조절,초음파식 가습기,111
280,20181007,습도 조절,초음파식 가습기,127
281,20181008,습도 조절,초음파식 가습기,228
282,20181009,습도 조절,초음파식 가습기,193
283,20181010,습도 조절,초음파식 가습기,279
284,20181011,습도 조절,초음파식 가습기,308
285,20181012,습도 조절,초음파식 가습기,282
286,20181013,습도 조절,초음파식 가습기,208
287,20181014,습도 조절,초음파식 가습기,244
288,20181015,습도 조절,초음파식 가습기,345
289,20181016,습도 조절,초음파식 가습기,328
290,20181017,습도 조절,초음파식 가습기,295
291,20181018,습도 조절,초음파식 가습기,298
292,20181019,습도 조절,초음파식 가습기,299
293,20181020,습도 조절,초음파식 가습기,188
294,20181021,습도 조절,초음파식 가습기,194
295,20181022,습도 조절,초음파식 가습기,384
296,20181023,습도 조절,초음파식 가습기,354
297,20181024,습도 조절,초음파식 가습기,619
298,20181025,습도 조절,초음파식 가습기,318
299,20181026,습도 조절,초음파식 가습기,235
300,20181027,습도 조절,초음파식 가습기,119
301,20181028,습도 조절,초음파식 가습기,216
302,20181029,습도 조절,초음파식 가습기,318
303,20181030,습도 조절,초음파식 가습기,424
304,20181031,습도 조절,초음파식 가습기,417
305,20181101,습도 조절,초음파식 가습기,523
306,20181102,습도 조절,초음파식 가습기,387
307,20181103,습도 조절,초음파식 가습기,216
308,20181104,습도 조절,초음파식 가습기,265
309,20181105,습도 조절,초음파식 가습기,479
310,20181106,습도 조절,초음파식 가습기,463
311,20181107,습도 조절,초음파식 가습기,409
312,20181108,습도 조절,초음파식 가습기,352
313,20181109,습도 조절,초음파식 가습기,248
314,20181110,습도 조절,초음파식 가습기,356
315,20181111,습도 조절,초음파식 가습기,232
316,20181112,습도 조절,초음파식 가습기,414
317,20181113,습도 조절,초음파식 가습기,391
318,20181114,습도 조절,초음파식 가습기,449
319,20181115,습도 조절,초음파식 가습기,429
320,20181116,습도 조절,초음파식 가습기,300
321,20181117,습도 조절,초음파식 가습기,226
322,20181118,습도 조절,초음파식 가습기,305
323,20181119,습도 조절,초음파식 가습기,467
324,20181120,습도 조절,초음파식 가습기,521
325,20181121,습도 조절,초음파식 가습기,538
326,20181122,습도 조절,초음파식 가습기,627
327,20181123,습도 조절,초음파식 가습기,464
328,20181124,습도 조절,초음파식 가습기,293
329,20181125,습도 조절,초음파식 가습기,336
330,20181126,습도 조절,초음파식 가습기,544
331,20181127,습도 조절,초음파식 가습기,551
332,20181128,습도 조절,초음파식 가습기,513
333,20181129,습도 조절,초음파식 가습기,688
334,20181130,습도 조절,초음파식 가습기,357
335,20181201,습도 조절,초음파식 가습기,470
336,20181202,습도 조절,초음파식 가습기,367
337,20181203,습도 조절,초음파식 가습기,524
338,20181204,습도 조절,초음파식 가습기,466
339,20181205,습도 조절,초음파식 가습기,500
340,20181206,습도 조절,초음파식 가습기,554
341,20181207,습도 조절,초음파식 가습기,510
342,20181208,습도 조절,초음파식 가습기,317
343,20181209,습도 조절,초음파식 가습기,430
344,20181210,습도 조절,초음파식 가습기,800
345,20181211,습도 조절,초음파식 가습기,700
346,20181212,습도 조절,초음파식 가습기,671
347,20181213,습도 조절,초음파식 가습기,673
348,20181214,습도 조절,초음파식 가습기,519
349,20181215,습도 조절,초음파식 가습기,427
350,20181216,습도 조절,초음파식 가습기,397
351,20181217,습도 조절,초음파식 가습기,596
352,20181218,습도 조절,초음파식 가습기,680
353,20181219,습도 조절,초음파식 가습기,599
354,20181220,습도 조절,초음파식 가습기,588
355,20181221,습도 조절,초음파식 가습기,368
356,20181222,습도 조절,초음파식 가습기,243
357,20181223,습도 조절,초음파식 가습기,297
358,20181224,습도 조절,초음파식 가습기,362
359,20181225,습도 조절,초음파식 가습기,333
360,20181226,습도 조절,초음파식 가습기,492
361,20181227,습도 조절,초음파식 가습기,479
362,20181228,습도 조절,초음파식 가습기,442
363,20181229,습도 조절,초음파식 가습기,326
364,20181230,습도 조절,초음파식 가습기,359
365,20181231,습도 조절,초음파식 가습기,382
366,20190101,습도 조절,초음파식 가습기,458
367,20190102,습도 조절,초음파식 가습기,649
368,20190103,습도 조절,초음파식 가습기,562
369,20190104,습도 조절,초음파식 가습기,442
370,20190105,습도 조절,초음파식 가습기,358
371,20190106,습도 조절,초음파식 가습기,299
372,20190107,습도 조절,초음파식 가습기,528
373,20190108,습도 조절,초음파식 가습기,461
374,20190109,습도 조절,초음파식 가습기,508
375,20190110,습도 조절,초음파식 가습기,459
376,20190111,습도 조절,초음파식 가습기,341
377,20190112,습도 조절,초음파식 가습기,203
378,20190113,습도 조절,초음파식 가습기,267
379,20190114,습도 조절,초음파식 가습기,649
380,20190115,습도 조절,초음파식 가습기,395
381,20190116,습도 조절,초음파식 가습기,432
382,20190117,습도 조절,초음파식 가습기,428
383,20190118,습도 조절,초음파식 가습기,297
384,20190119,습도 조절,초음파식 가습기,231
385,20190120,습도 조절,초음파식 가습기,291
386,20190121,습도 조절,초음파식 가습기,343
387,20190122,습도 조절,초음파식 가습기,371
388,20190123,습도 조절,초음파식 가습기,294
389,20190124,습도 조절,초음파식 가습기,303
390,20190125,습도 조절,초음파식 가습기,215
391,20190126,습도 조절,초음파식 가습기,158
392,20190127,습도 조절,초음파식 가습기,287
393,20190128,습도 조절,초음파식 가습기,339
394,20190129,습도 조절,초음파식 가습기,270
395,20190130,습도 조절,초음파식 가습기,261
396,20190131,습도 조절,초음파식 가습기,202
397,20190201,습도 조절,초음파식 가습기,144
398,20190202,습도 조절,초음파식 가습기,151
399,20190203,습도 조절,초음파식 가습기,96
400,20190204,습도 조절,초음파식 가습기,101
401,20190205,습도 조절,초음파식 가습기,113
402,20190206,습도 조절,초음파식 가습기,200
403,20190207,습도 조절,초음파식 가습기,380
404,20190208,습도 조절,초음파식 가습기,283
405,20190209,습도 조절,초음파식 가습기,197
406,20190210,습도 조절,초음파식 가습기,231
407,20190211,습도 조절,초음파식 가습기,492
408,20190212,습도 조절,초음파식 가습기,365
409,20190213,습도 조절,초음파식 가습기,389
410,20190214,습도 조절,초음파식 가습기,384
411,20190215,습도 조절,초음파식 가습기,249
412,20190216,습도 조절,초음파식 가습기,212
413,20190217,습도 조절,초음파식 가습기,288
414,20190218,습도 조절,초음파식 가습기,392
415,20190219,습도 조절,초음파식 가습기,292
416,20190220,습도 조절,초음파식 가습기,238
417,20190221,습도 조절,초음파식 가습기,274
418,20190222,습도 조절,초음파식 가습기,198
419,20190223,습도 조절,초음파식 가습기,158
420,20190224,습도 조절,초음파식 가습기,186
421,20190225,습도 조절,초음파식 가습기,259
422,20190226,습도 조절,초음파식 가습기,263
423,20190227,습도 조절,초음파식 가습기,251
424,20190228,습도 조절,초음파식 가습기,222
425,20190301,습도 조절,초음파식 가습기,149
426,20190302,습도 조절,초음파식 가습기,171
427,20190303,습도 조절,초음파식 가습기,248
428,20190304,습도 조절,초음파식 가습기,389
429,20190305,습도 조절,초음파식 가습기,323
430,20190306,습도 조절,초음파식 가습기,297
431,20190307,습도 조절,초음파식 가습기,228
432,20190308,습도 조절,초음파식 가습기,199
433,20190309,습도 조절,초음파식 가습기,168
434,20190310,습도 조절,초음파식 가습기,232
435,20190311,습도 조절,초음파식 가습기,314
436,20190312,습도 조절,초음파식 가습기,222
437,20190313,습도 조절,초음파식 가습기,200
438,20190314,습도 조절,초음파식 가습기,185
439,20190315,습도 조절,초음파식 가습기,190
440,20190316,습도 조절,초음파식 가습기,137
441,20190317,습도 조절,초음파식 가습기,182
442,20190318,습도 조절,초음파식 가습기,291
443,20190319,습도 조절,초음파식 가습기,241
444,20190320,습도 조절,초음파식 가습기,206
445,20190321,습도 조절,초음파식 가습기,241
446,20190322,습도 조절,초음파식 가습기,186
447,20190323,습도 조절,초음파식 가습기,98
448,20190324,습도 조절,초음파식 가습기,139
449,20190325,습도 조절,초음파식 가습기,227
450,20190326,습도 조절,초음파식 가습기,187
451,20190327,습도 조절,초음파식 가습기,151
452,20190328,습도 조절,초음파식 가습기,154
453,20190329,습도 조절,초음파식 가습기,177
454,20190330,습도 조절,초음파식 가습기,114
455,20190331,습도 조절,초음파식 가습기,167
456,20190401,습도 조절,초음파식 가습기,263
457,20190402,습도 조절,초음파식 가습기,216
458,20190403,습도 조절,초음파식 가습기,192
459,20190404,습도 조절,초음파식 가습기,171
460,20190405,습도 조절,초음파식 가습기,195
461,20190406,습도 조절,초음파식 가습기,133
462,20190407,습도 조절,초음파식 가습기,142
463,20190408,습도 조절,초음파식 가습기,242
464,20190409,습도 조절,초음파식 가습기,206
465,20190410,습도 조절,초음파식 가습기,201
466,20190411,습도 조절,초음파식 가습기,190
467,20190412,습도 조절,초음파식 가습기,154
468,20190413,습도 조절,초음파식 가습기,80
469,20190414,습도 조절,초음파식 가습기,157
470,20190415,습도 조절,초음파식 가습기,229
471,20190416,습도 조절,초음파식 가습기,189
472,20190417,습도 조절,초음파식 가습기,153
473,20190418,습도 조절,초음파식 가습기,165
474,20190419,습도 조절,초음파식 가습기,166
475,20190420,습도 조절,초음파식 가습기,89
476,20190421,습도 조절,초음파식 가습기,116
477,20190422,습도 조절,초음파식 가습기,233
478,20190423,습도 조절,초음파식 가습기,202
479,20190424,습도 조절,초음파식 가습기,222
480,20190425,습도 조절,초음파식 가습기,243
481,20190426,습도 조절,초음파식 가습기,183
482,20190427,습도 조절,초음파식 가습기,95
483,20190428,습도 조절,초음파식 가습기,231
484,20190429,습도 조절,초음파식 가습기,180
485,20190430,습도 조절,초음파식 가습기,165
486,20190501,습도 조절,초음파식 가습기,249
487,20190502,습도 조절,초음파식 가습기,236
488,20190503,습도 조절,초음파식 가습기,187
489,20190504,습도 조절,초음파식 가습기,156
490,20190505,습도 조절,초음파식 가습기,187
491,20190506,습도 조절,초음파식 가습기,127
492,20190507,습도 조절,초음파식 가습기,125
493,20190508,습도 조절,초음파식 가습기,200
494,20190509,습도 조절,초음파식 가습기,180
495,20190510,습도 조절,초음파식 가습기,204
496,20190511,습도 조절,초음파식 가습기,163
497,20190512,습도 조절,초음파식 가습기,178
498,20190513,습도 조절,초음파식 가습기,93
499,20190514,습도 조절,초음파식 가습기,167
500,20190515,습도 조절,초음파식 가습기,247
501,20190516,습도 조절,초음파식 가습기,202
502,20190517,습도 조절,초음파식 가습기,152
503,20190518,습도 조절,초음파식 가습기,148
504,20190519,습도 조절,초음파식 가습기,175
505,20190520,습도 조절,초음파식 가습기,99
506,20190521,습도 조절,초음파식 가습기,141
507,20190522,습도 조절,초음파식 가습기,294
508,20190523,습도 조절,초음파식 가습기,208
509,20190524,습도 조절,초음파식 가습기,254
510,20190525,습도 조절,초음파식 가습기,341
511,20190526,습도 조절,초음파식 가습기,230
512,20190527,습도 조절,초음파식 가습기,100
513,20190528,습도 조절,초음파식 가습기,236
514,20190529,습도 조절,초음파식 가습기,202
515,20190530,습도 조절,초음파식 가습기,204
516,20190531,습도 조절,초음파식 가습기,312
517,20190601,습도 조절,초음파식 가습기,92
518,20190602,습도 조절,초음파식 가습기,97
519,20190603,습도 조절,초음파식 가습기,179
520,20190604,습도 조절,초음파식 가습기,128
521,20190605,습도 조절,초음파식 가습기,118
522,20190606,습도 조절,초음파식 가습기,123
523,20190607,습도 조절,초음파식 가습기,158
524,20190608,습도 조절,초음파식 가습기,71
525,20190609,습도 조절,초음파식 가습기,116
526,20190610,습도 조절,초음파식 가습기,189
527,20190611,습도 조절,초음파식 가습기,189
528,20190612,습도 조절,초음파식 가습기,147
529,20190613,습도 조절,초음파식 가습기,115
530,20190614,습도 조절,초음파식 가습기,95
531,20190615,습도 조절,초음파식 가습기,97
532,20190616,습도 조절,초음파식 가습기,82
533,20190617,습도 조절,초음파식 가습기,173
534,20190618,습도 조절,초음파식 가습기,143
535,20190619,습도 조절,초음파식 가습기,241
536,20190620,습도 조절,초음파식 가습기,190
537,20190621,습도 조절,초음파식 가습기,143
538,20190622,습도 조절,제습기,91
539,20190623,습도 조절,초음파식 가습기,112
540,20190624,습도 조절,초음파식 가습기,222
541,20190625,습도 조절,초음파식 가습기,164
542,20190626,습도 조절,초음파식 가습기,276
543,20190627,습도 조절,초음파식 가습기,273
544,20190628,습도 조절,초음파식 가습기,216
545,20190629,습도 조절,초음파식 가습기,253
546,20190630,습도 조절,초음파식 가습기,263
547,20190701,습도 조절,초음파식 가습기,452
548,20190702,습도 조절,초음파식 가습기,290
549,20190703,습도 조절,초음파식 가습기,289
550,20190704,습도 조절,초음파식 가습기,211
551,20190705,습도 조절,초음파식 가습기,122
552,20190706,습도 조절,초음파식 가습기,62
553,20190707,습도 조절,초음파식 가습기,87
554,20190708,습도 조절,초음파식 가습기,132
555,20190709,습도 조절,초음파식 가습기,130
556,20190710,습도 조절,초음파식 가습기,163
557,20190711,습도 조절,초음파식 가습기,175
558,20190712,습도 조절,초음파식 가습기,138
559,20190713,습도 조절,초음파식 가습기,74
560,20190714,습도 조절,초음파식 가습기,92
561,20190715,습도 조절,초음파식 가습기,210
562,20190716,습도 조절,초음파식 가습기,140
563,20190717,습도 조절,초음파식 가습기,227
564,20190718,습도 조절,초음파식 가습기,252
565,20190719,습도 조절,초음파식 가습기,166
566,20190720,습도 조절,초음파식 가습기,158
567,20190721,습도 조절,초음파식 가습기,289
568,20190722,습도 조절,초음파식 가습기,484
569,20190723,습도 조절,초음파식 가습기,317
570,20190724,습도 조절,초음파식 가습기,407
571,20190725,습도 조절,초음파식 가습기,559
572,20190726,습도 조절,초음파식 가습기,647
573,20190727,습도 조절,초음파식 가습기,401
574,20190728,습도 조절,초음파식 가습기,418
575,20190729,습도 조절,초음파식 가습기,386
576,20190730,습도 조절,초음파식 가습기,258
577,20190731,습도 조절,초음파식 가습기,312
578,20190801,습도 조절,초음파식 가습기,320
579,20190802,습도 조절,초음파식 가습기,253
580,20190803,습도 조절,초음파식 가습기,116
581,20190804,습도 조절,초음파식 가습기,154
582,20190805,습도 조절,초음파식 가습기,302
583,20190806,습도 조절,초음파식 가습기,394
584,20190807,습도 조절,초음파식 가습기,205
585,20190808,습도 조절,초음파식 가습기,255
586,20190809,습도 조절,초음파식 가습기,176
587,20190810,습도 조절,초음파식 가습기,80
588,20190811,습도 조절,초음파식 가습기,68
589,20190812,습도 조절,초음파식 가습기,296
590,20190813,습도 조절,초음파식 가습기,165
591,20190814,습도 조절,초음파식 가습기,114
592,20190815,습도 조절,초음파식 가습기,108
593,20190816,습도 조절,초음파식 가습기,93
594,20190817,습도 조절,초음파식 가습기,58
595,20190818,습도 조절,초음파식 가습기,74
596,20190819,습도 조절,초음파식 가습기,236
597,20190820,습도 조절,초음파식 가습기,104
598,20190821,습도 조절,초음파식 가습기,96
599,20190822,습도 조절,초음파식 가습기,107
600,20190823,습도 조절,초음파식 가습기,87
601,20190824,습도 조절,초음파식 가습기,59
602,20190825,습도 조절,초음파식 가습기,43
603,20190826,습도 조절,초음파식 가습기,148
604,20190827,습도 조절,초음파식 가습기,113
605,20190828,습도 조절,초음파식 가습기,119
606,20190829,습도 조절,초음파식 가습기,113
607,20190830,습도 조절,초음파식 가습기,89
608,20190831,습도 조절,초음파식 가습기,41
609,20190901,습도 조절,초음파식 가습기,79
610,20190902,습도 조절,초음파식 가습기,159
611,20190903,습도 조절,초음파식 가습기,148
612,20190904,습도 조절,초음파식 가습기,153
613,20190905,습도 조절,초음파식 가습기,220
614,20190906,습도 조절,초음파식 가습기,158
615,20190907,습도 조절,초음파식 가습기,77
616,20190908,습도 조절,초음파식 가습기,121
617,20190909,습도 조절,초음파식 가습기,196
618,20190910,습도 조절,초음파식 가습기,115
619,20190911,습도 조절,초음파식 가습기,75
620,20190912,습도 조절,초음파식 가습기,57
621,20190913,습도 조절,초음파식 가습기,40
622,20190914,습도 조절,초음파식 가습기,98
623,20190915,습도 조절,초음파식 가습기,92
624,20190916,습도 조절,초음파식 가습기,213
625,20190917,습도 조절,초음파식 가습기,184
626,20190918,습도 조절,초음파식 가습기,213
627,20190919,습도 조절,초음파식 가습기,182
628,20190920,습도 조절,초음파식 가습기,166
629,20190921,습도 조절,초음파식 가습기,144
630,20190922,습도 조절,초음파식 가습기,152
631,20190923,습도 조절,초음파식 가습기,248
632,20190924,습도 조절,초음파식 가습기,190
633,20190925,습도 조절,초음파식 가습기,182
634,20190926,습도 조절,초음파식 가습기,222
635,20190927,습도 조절,초음파식 가습기,138
636,20190928,습도 조절,초음파식 가습기,84
637,20190929,습도 조절,초음파식 가습기,101
638,20190930,습도 조절,초음파식 가습기,139
639,20191001,습도 조절,초음파식 가습기,153
640,20191002,습도 조절,초음파식 가습기,230
641,20191003,습도 조절,초음파식 가습기,142
642,20191004,습도 조절,초음파식 가습기,120
643,20191005,습도 조절,초음파식 가습기,76
644,20191006,습도 조절,초음파식 가습기,112
645,20191007,습도 조절,초음파식 가습기,231
646,20191008,습도 조절,초음파식 가습기,128
647,20191009,습도 조절,초음파식 가습기,164
648,20191010,습도 조절,초음파식 가습기,234
649,20191011,습도 조절,초음파식 가습기,207
650,20191012,습도 조절,초음파식 가습기,143
651,20191013,습도 조절,초음파식 가습기,190
652,20191014,습도 조절,초음파식 가습기,339
653,20191015,습도 조절,초음파식 가습기,291
654,20191016,습도 조절,초음파식 가습기,225
655,20191017,습도 조절,초음파식 가습기,244
656,20191018,습도 조절,초음파식 가습기,187
657,20191019,습도 조절,초음파식 가습기,120
658,20191020,습도 조절,초음파식 가습기,168
659,20191021,습도 조절,초음파식 가습기,242
660,20191022,습도 조절,초음파식 가습기,240
661,20191023,습도 조절,초음파식 가습기,240
662,20191024,습도 조절,초음파식 가습기,286
663,20191025,습도 조절,초음파식 가습기,213
664,20191026,습도 조절,초음파식 가습기,190
665,20191027,습도 조절,초음파식 가습기,215
666,20191028,습도 조절,초음파식 가습기,396
667,20191029,습도 조절,초음파식 가습기,401
668,20191030,습도 조절,초음파식 가습기,350
669,20191031,습도 조절,초음파식 가습기,237
670,20191101,습도 조절,초음파식 가습기,288
671,20191102,습도 조절,초음파식 가습기,146
672,20191103,습도 조절,초음파식 가습기,184
673,20191104,습도 조절,초음파식 가습기,464
674,20191105,습도 조절,초음파식 가습기,311
675,20191106,습도 조절,초음파식 가습기,356
676,20191107,습도 조절,초음파식 가습기,271
677,20191108,습도 조절,초음파식 가습기,312
678,20191109,습도 조절,초음파식 가습기,214
679,20191110,습도 조절,초음파식 가습기,372
680,20191111,습도 조절,초음파식 가습기,554
681,20191112,습도 조절,초음파식 가습기,406
682,20191113,습도 조절,초음파식 가습기,402
683,20191114,습도 조절,초음파식 가습기,607
684,20191115,습도 조절,초음파식 가습기,385
685,20191116,습도 조절,초음파식 가습기,515
686,20191117,습도 조절,초음파식 가습기,299
687,20191118,습도 조절,초음파식 가습기,495
688,20191119,습도 조절,초음파식 가습기,501
689,20191120,습도 조절,초음파식 가습기,580
690,20191121,습도 조절,초음파식 가습기,608
691,20191122,습도 조절,초음파식 가습기,411
692,20191123,습도 조절,초음파식 가습기,257
693,20191124,습도 조절,초음파식 가습기,251
694,20191125,습도 조절,초음파식 가습기,642
695,20191126,습도 조절,초음파식 가습기,547
696,20191127,습도 조절,초음파식 가습기,528
697,20191128,습도 조절,초음파식 가습기,390
698,20191129,습도 조절,초음파식 가습기,481
699,20191130,습도 조절,초음파식 가습기,269
700,20191201,습도 조절,초음파식 가습기,348
701,20191202,습도 조절,초음파식 가습기,621
702,20191203,습도 조절,초음파식 가습기,653
703,20191204,습도 조절,초음파식 가습기,556
704,20191205,습도 조절,초음파식 가습기,547
705,20191206,습도 조절,초음파식 가습기,497
706,20191207,습도 조절,초음파식 가습기,561
707,20191208,습도 조절,초음파식 가습기,377
708,20191209,습도 조절,초음파식 가습기,710
709,20191210,습도 조절,초음파식 가습기,550
710,20191211,습도 조절,초음파식 가습기,489
711,20191212,습도 조절,초음파식 가습기,464
712,20191213,습도 조절,초음파식 가습기,452
713,20191214,습도 조절,초음파식 가습기,267
714,20191215,습도 조절,초음파식 가습기,359
715,20191216,습도 조절,초음파식 가습기,503
716,20191217,습도 조절,초음파식 가습기,349
717,20191218,습도 조절,초음파식 가습기,394
718,20191219,습도 조절,초음파식 가습기,453
719,20191220,습도 조절,초음파식 가습기,317
720,20191221,습도 조절,초음파식 가습기,259
721,20191222,습도 조절,초음파식 가습기,257
722,20191223,습도 조절,초음파식 가습기,479
723,20191224,습도 조절,초음파식 가습기,518
724,20191225,습도 조절,초음파식 가습기,236
725,20191226,습도 조절,초음파식 가습기,403
726,20191227,습도 조절,초음파식 가습기,330
727,20191228,습도 조절,초음파식 가습기,207
728,20191229,습도 조절,초음파식 가습기,261
729,20191230,습도 조절,초음파식 가습기,341
730,20191231,습도 조절,초음파식 가습기,383
